"Country Code","YR2000","YR2001","YR2002","YR2003","YR2004","YR2005","YR2006","YR2007","YR2008","YR2009","YR2010","YR2011","YR2012","YR2013","YR2014","YR2015","YR2016","YR2017","YR2018","YR2019"
"AFG","..","..","..","8.8322778126357","1.41411798058977","11.2297148236429","5.35740325126363","13.8263195479762","3.92498382161577","21.3905283931067","14.3624414692682","0.426354784529352","12.7522870887165","5.60074465808174","2.72454336394887","1.45131466009762","2.26031420130457","2.6470032019574","1.18922812838036","3.91160341942292"
"ALB","6.94621659244254","8.29331263121023","4.53652416035675","5.52863746491788","5.51466791097914","5.52642424695465","5.90265903591924","5.98325951855567","7.50004143020151","3.35428934987461","3.70693815255319","2.54540614450104","1.4172427999078","1.00201754071108","1.77444885260394","2.21872637517804","3.31498068384137","3.80259872019053","4.01934561695576","2.08771199649604"
"DZA","3.80000000161118","2.99999999913767","5.59999999613019","7.20000000140945","4.29999999976991","5.89999999730549","1.70000000574349","3.39999999653251","2.39999999937741","1.59999999900511","3.60000000078881","2.89999999818835","3.40000000293431","2.8","3.79999999836768","3.70000000138755","3.20000000173945","1.29999999827666","1.20000000102394","0.999999998155587"
"ASM","..","..","..","0.965517241379317","0.409836065573771","-0.408163265306129","-4.09836065573771","1.85185185185186","-2.65734265734265","-4.16666666666666","0.299850074962521","0","-4.33482810164425","-2.5","1.76282051282051","3.14960629921259","-1.67938931297709","-6.98757763975155","2.6711185308848","-0.487804878048777"
"AND","3.52836236122388","8.11935772169949","4.54636221364653","8.69420371612468","8.13567633837351","5.39779598500422","4.80868869916921","1.55318814103222","-5.55918636850581","-5.30284654348291","-1.97495799965345","-0.00806975341139093","-4.97444371853503","-3.54759651549344","2.50446552114518","1.43414039522716","3.70967806978986","0.346071889630295","1.58876549046354","2.01554763848308"
"AGO","3.05462423430785","4.2059985561951","13.6656887608562","2.99000000000001","10.9500000059465","15.0299999905513","11.549999997879","14.0100000086059","11.1699999942146","0.860000002152788","4.39837593810763","3.47205314798103","8.54210707584141","4.95461303112738","4.82255926962156","0.943571561325001","-2.5801112218828","-0.147149825449205","-1.31636168896895","-0.702272957616017"
"ATG","6.20343125361171","-4.54800347258288","1.02744196976448","6.07654368848381","5.76702861180377","6.47383131641985","12.7081485327737","9.31538316339757","-0.0143406519434848","-11.9626972488343","-7.84059474412177","-1.95861262834343","1.439268512944","0.485932080790846","2.21145251322996","1.44515529873077","4.09976553877765","2.46333336590416","6.95318609219737","3.10044514982847"
"ARG","-0.78899893905691","-4.40883968258557","-10.8944848285903","8.83704079576924","9.02957330068152","8.85165992013437","8.04715150043027","9.00765087504757","4.05723310346406","-5.91852507634947","10.1253981561002","6.00395169280579","-1.0264204544321","2.40532378079436","-2.51261532081394","2.73115982828944","-2.08032784377811","2.81850297775918","-2.61739646282038","-2.00086100285785"
"ARM","5.90000000312092","9.59999999927597","13.1999999979356","14.0000000015501","10.4999999988202","13.8999999991133","13.1999999994661","13.7000000015467","6.90000000042959","-14.1000000006998","2.2000000002151","4.69999999867412","7.20000000096486","3.3","3.60000000058993","3.19999999896625","0.199999999825991","7.50000000164144","5.19999999965324","7.59999999853918"
"ABW","7.62292063918883","4.18200264137074","-0.944954680852376","1.11050500975789","7.29372893965754","-0.383139603849997","1.12741212792535","3.08954390149292","1.83575567874084","-11.6777420291428","-2.73345570739019","3.36923812209224","-1.04080013542467","6.43148182354385","-1.58657464362111","-0.623625632862655","1.7196241156332","7.04853325902029","2.38173012558298","-2.30283684401374"
"AUS","3.92151782931303","2.02512731541893","3.97963375579748","3.09068718165635","4.22432172716931","3.15413925672789","2.75529824273126","3.77339268108837","3.58622797986055","1.89257360858259","2.22653807797504","2.40897178005686","3.91840962538336","2.60619844706027","2.60740103188527","2.20181015336807","2.77914262537222","2.31870938698817","2.90636311509867","2.1811091061096"
"AUT","3.37572214708477","1.26716818922992","1.65155392186669","0.941470920725337","2.73512022241023","2.24406532463878","3.45404183614122","3.72741530093519","1.4604236757386","-3.76457817791677","1.83709367680054","2.92279728368581","0.680445576816723","0.0255047121972183","0.661272848852605","1.01450158590511","1.98943716230463","2.25857243250671","2.42538536088061","1.45052918393192"
"AZE","11.0999991434346","9.89999986533643","9.43891626906561","10.2082994004776","9.25380179728907","27.9615381082131","34.5","24.9999998515683","10.7589780604684","9.29636374447091","5.04894451349574","0.10000013782458","2.1652394748416","5.80980084268208","2.75050681535518","1.09397591627469","-3.09999988037266","0.199999938958655","1.49999999999999","2.50000006743734"
"BHS","4.14841930754267","2.62600982683425","2.70495624731029","-1.26491667612372","0.882373744518318","3.39608420536011","2.51659221712706","1.44609991235758","-2.32364807041851","-4.17542805647342","1.53866248693835","0.613170735890648","3.08637766147865","-2.86250547778705","1.84710719180123","0.996230704298327","-0.762973444883031","2.52416173981204","2.91830692650552","-0.743661882784338"
"BHR","5.30007005600883","2.49094810829847","3.3485506679412","6.29644197869368","6.98096059429825","6.76899787107483","6.46700012199585","8.29396044759683","6.24501077496258","2.53988593585052","4.33429917283131","1.98351501159991","3.72810843046017","5.41683981012071","4.35039085252969","2.48537855758804","3.55812811897778","4.29094977756338","2.11113047304872","2.1669646688237"
"BGD","5.29329471892532","5.07728777526728","3.83312393993225","4.73956739963045","5.23953291029852","6.53594493875502","6.67190498576788","7.05859935449848","6.01378975738535","5.04512479919337","5.57178818533122","6.46437912497728","6.52145877906443","6.01360565834344","6.0610593588495","6.55263987816197","7.11347821270093","6.5902548153114","7.31940777981607","7.8819067286135"
"BRB","4.44718962322422","-2.36546422235364","0.787401574803141","2.17548076923077","1.41159863545465","3.95545760352627","6.04552555233207","2.07916833266692","0.652483146762322","-5.03548496113552","-2.27218807289982","-0.748154442029076","-0.305742398132196","-1.29920820787332","-0.00112987966781475","2.42587905631385","2.53499685607439","0.462619285844923","-0.871716338791373","0.26359855236862"
"BLR","5.80000336082973","4.72530604998076","5.04526750544755","7.04319251194431","11.449743057227","9.40000158864025","9.99999472133968","8.60000659901785","10.199999472722","0.199995249384855","7.79826683524436","5.37870750437234","1.68713553434753","1.0034707715852","1.7262099894002","-3.82966307070085","-2.52583140897062","2.53162368036521","3.14963949909348","1.44620667102681"
"BEL","3.71667938420875","1.09961888777849","1.70688458453354","1.03798254902905","3.5712043433582","2.32173705381926","2.55234994366351","3.67688113594973","0.446928735275904","-2.02074306169408","2.86429270764155","1.69451389861332","0.739217283058679","0.459242192907709","1.57853314322614","2.04145900919961","1.26668640902095","1.6195802783878","1.79294519302076","2.24083533103139"
"BLZ","12.2406140290649","4.99356330230461","5.3990721050487","9.66522532391241","4.78066578300403","2.21918927117144","4.5114554419801","3.297024122697","-1.53859392110355","-0.450692253865967","1.23995291537476","-0.298181524565479","3.6615993816965","4.43764383676776","4.00531831673186","3.22549309143569","-0.0110344145780772","-1.81336514835535","1.05559823069711","4.23623453555723"
"BEN","5.85771420543269","5.33313570603937","4.64303087074482","3.44357677591658","4.42968455385082","1.71316456361184","3.94373882815798","5.98634932177609","4.89657708429647","2.31929213912838","2.11406472648392","2.96375291904201","4.811223315688","7.19143372144946","6.35767909791932","1.77815106030278","3.33967342629693","5.67156195150444","6.69725362180888","6.86568662848335"
"BMU","9.31715641086083","7.22243553752608","-1.47779059768867","3.41070667687531","2.32126722323136","1.67420611410508","5.5438663804406","3.34513970877607","-1.86595582635186","-5.6266977105161","-2.50287828947368","-3.74274431740703","-5.30529910675297","-0.279708545423034","-3.70106759364258","0.775529699568978","-0.657206304259205","3.61141983706115","-0.432801300339307","0.306266735233933"
"BTN","3.35506828474026","8.3489544828285","10.992281843751","7.82330236149737","6.00874223613266","7.28724935218695","6.99973809500918","18.3608540555452","4.79946061155898","6.74833374849757","11.945895998376","7.98261704055838","5.1184008580055","2.11997263298187","5.77649568013734","6.64223210535519","8.12703353838936","4.65183467529613","3.50187183723874","5.75514850618227"
"BOL","2.50781080899483","1.68379912721825","2.48556573783829","2.71133983700673","4.17329558916248","4.42143312687979","4.79700882356067","4.56438426887887","6.14849787462164","3.35699957430565","4.1267225910567","5.204092443086","5.12227558091757","6.79601142810841","5.46056950635136","4.85718717971413","4.26392086382113","4.19520633360395","4.22362365271844","2.21670563961031"
"BIH","12.7654694578883","2.42331317180992","5.02744420733983","3.8671387951343","6.32526616861466","3.89717798992193","5.41400357079434","5.85712634217094","5.44383103450177","-3.00445593013346","0.865669260237084","0.959511247241267","-0.821836474216894","2.3498566632458","1.15385109200403","4.31475061116335","3.24225521171914","3.24410095889466","3.82749920546897","2.88734334414875"
"BWA","1.98769583378552","0.250573949689084","6.06953087648317","4.62589474959299","2.70582170611173","4.55664565323181","8.36387109282306","5.79255577727118","3.25207295796832","-14.1442346163423","10.1222091179732","6.83852974803483","-0.170900761456892","11.1028237779771","5.69477738185952","-4.85133564036167","7.20442475914267","4.1143636634186","4.18809355373698","3.0322025744566"
"BRA","4.38794944745618","1.38989640095637","3.05346185909312","1.14082899824888","5.75996463670954","3.20213206130431","3.96198871122617","6.06987060678338","5.09419544658736","-0.125812002161169","7.52822581815364","3.97442307944702","1.92117598576537","3.00482266944432","0.503955740242247","-3.54576339269425","-3.27591690782192","1.32286905404399","1.783666761634","1.22077782360842"
"VGB","..","..","..","..","..","..","..","..","..","..","..","..","..","..","..","..","..","..","..",".."
"BRN","2.84942185782727","2.74404051765202","3.87209696704298","2.90395547653115","0.504318252687327","0.38750720823208","4.39771967752176","0.154581811742773","-1.93971463784671","-1.76453554132601","2.59896574643226","3.74531835205994","0.912841670964411","-2.12602851740175","-2.50835256644561","-0.392383749502031","-2.47791771833224","1.32860255161715","0.0522377907767719","3.86910986506845"
"BGR","4.58722685869408","3.82370396508492","5.8719296097282","5.23715425251341","6.510425672373","7.0563496005182","6.80258960222969","6.65438762501466","6.1295587623277","-3.34714226298303","1.55535951301474","2.09017569644121","0.748814802957327","-0.542751313085674","0.949448520821818","3.39755387590648","3.02662839224124","2.74592725876734","2.69490655338835","4.03518894662498"
"BFA","1.88847388906525","6.61340574539679","4.35296382988099","7.80249388870359","4.47845213670386","8.66187322841225","6.25316468817478","4.11137901761516","5.79999174105387","2.96195085866692","8.44628157707625","6.62256261306693","6.45267237953146","5.79258484509867","4.32684561452976","3.9212287937935","5.95797670754024","6.20348941121868","6.60456906812341","5.4864554268367"
"BDI","-0.856864058424151","2.05580710835243","4.44651941224797","-1.22372796023444","4.83365776809453","0.900000000901912","5.41380714491444","3.45194856381943","4.86171636712641","3.81274536633418","5.12415999439806","4.03259998844415","4.44670633111495","4.92418989834684","4.24065021402657","-3.9000000804855","-0.600000909116389","0.500001262429279","1.60993542127714","1.81256532326668"
"CPV","14.2848688450919","2.23165454528898","5.25089116960211","4.17625932578332","10.197072633926","6.91245795720201","7.98375044795048","15.1706879735517","7.03901129565128","-1.50358672385678","1.83641914989978","3.92471821338283","1.08364848376166","0.632136727385131","0.696666840118581","0.936026507808833","4.28071482662371","4.5513148102974","3.70696458310842","6.94782634051859"
"KHM","9.99358032294613","8.14838609677599","6.57893949872768","8.50589556031385","10.3405287733229","13.2500869149454","10.7710836693663","10.2125739144392","6.69157747619946","0.0866969592693891","5.96307857286416","7.06956994629047","7.31334550565219","7.35666514861452","7.14257110024776","6.96579781650981","6.93331397162559","6.99690369958998","7.46916920803093","7.05410693152042"
"CMR","3.83241779430614","4.32426119221549","4.47702683369155","5.45315368881347","7.04886281858374","2.22827020924117","3.80958327566137","4.32758900972871","2.8476778892105","2.57925177738754","2.89902472122014","3.37921128506045","4.62597872209571","4.99552916130783","5.71981814509198","5.66695298703932","4.53579423678801","3.54117654926007","3.95551423892049","3.47505998194981"
"CAN","5.13853918593026","1.87509813216803","2.9992553495694","1.80638513484521","3.09236383456562","3.21045435651203","2.6379438004107","2.04990461109004","0.995406309993598","-2.91508623949733","3.09080637403602","3.13719438973661","1.75566132540601","2.32581357393478","2.87346677184995","0.649970993709132","1.03855093491798","3.03383490260789","2.74296343112555","1.9084319253883"
"CYM","..","..","..","..","..","..","..","3.16262522652799","-0.357401201092983","-7.20048244664706","-2.71563526217577","1.16906219839106","1.22975365701149","1.27933101999021","2.65452798451271","2.8331222262961","3.23997433895669","3.18404592334522","4.26726745249641","3.91563534249416"
"CAF","-2.48943244028874","4.46473902640867","3.61654219150596","-5.39748521855877","5.99488422798696","0.908210514871953","4.77108543044105","4.60753485452025","2.05413096200485","8.58726042640994","4.63081843223307","4.19461533741989","5.05376125356918","-36.3919770983887","0.0810705153264877","4.33712103020231","4.75031684122342","4.52727821346231","3.78944359275462","3.09999999999999"
"TCD","-0.879681025444839","11.658134654294","8.49120981898056","14.7216670121033","33.6293718524659","17.3325337350837","0.648262014094513","3.27149957888643","3.05269153196828","4.21769555189633","13.5501008595489","0.0828697984381961","8.88257607170316","5.70000136285864","6.89998504532166","2.76767568484473","-6.25552708545281","-2.98869598553931","2.37403780037786","3.24718191743429"
"CHI","..","..","..","..","..","..","..","..","..","..","..","..","..","..","..","..","..","1.96610998960054","1.05229056178158","1.32511666013609"
"CHL","4.9716214885003","3.154034924374","3.20279913985533","4.72324526681116","6.67425416745972","5.83704571525745","6.04999082904382","5.16823098722429","3.7893928023371","-1.1180372326977","5.85165101730949","6.22389678693851","6.15534002096459","3.30850824469113","1.79264947361806","2.15194249853634","1.75303874553305","1.35769537797211","3.99002947521676","0.743130031576072"
"CHN","8.49009340365161","8.33573347577625","9.1336307895447","10.038030484737","10.1136213788021","11.3945918086888","12.7209556639451","14.2308609340471","9.6506789183469","9.3987256316321","10.6358710659572","9.55083217884199","7.86373644845264","7.7661500973591","7.42576365596916","7.0413288794755","6.84876220444184","6.94720079316534","6.74977383251148","5.95050075439315"
"COL","2.92486148176778","1.67789830787579","2.50398046659659","3.91827190322513","5.33302206759905","4.82876110773741","6.71686869844402","6.73819469090975","3.28344618616541","1.13964864548062","4.49465897070922","6.94789198173555","3.91263576716115","5.13399351995672","4.49903000110972","2.95590137527523","2.08738250162794","1.35936086788746","2.56432428277704","3.18685539245533"
"COM","10.847878616072","2.33290710182874","2.3249448613998","2.1038716355305","1.91965980712278","2.83754786988332","2.6469554759412","0.800042348955387","3.96461118871815","3.24074072826829","3.77776674982255","4.1435066947591","3.16840986908748","4.4662473147818","2.10665758942474","1.14735076108914","3.32044656240026","3.81576287682401","3.6424511379732","1.76078023923176"
"COD","-6.91092731652101","-2.10017302488846","2.94776518359767","5.57782231144424","6.73837393324294","6.13515115548972","5.32097956548998","6.25947776437397","6.22589426869193","2.85506401011484","7.10797657581392","6.8746708900163","7.08689894671942","8.48195663608755","9.4702880993101","6.91616711922561","2.39939891133452","3.7269476588301","5.82112109969025","4.38452887429834"
"COG","7.5759803952642","3.80260189913561","4.58187006108889","0.813264076303781","3.47663162118089","7.75575897806648","7.98623836334291","-6.61399480441001","6.30637595585259","11.6372888615758","9.93126543095578","2.20591936286718","9.94715314257564","-0.712434451876447","6.64606540928447","0.415193061293763","-8.68524343913786","-5.59477371915547","-2.30431780125842","1.12447707363883"
"CRI","3.86871809125479","3.49116987088031","3.41687638944796","4.31717986447036","4.42459959836211","3.97666636845196","7.32669543218398","8.21513198440249","4.73817487709474","-0.87345594081205","5.36034347694341","4.40315923935717","4.88259241031079","2.49476611386375","3.54210987593986","3.65208096806472","4.20432325432709","4.15769896239459","2.61590440285156","2.41751181706449"
"CIV","-0.265789462275947","-2.15401249077306","-2.73052647441901","-4.72586658630681","3.185038225754","0.99606556485476","2.81557859252328","1.10142976793477","4.7826659787672","3.60332156667053","6.84804939907013","-5.37044724000579","7.62041176451649","10.7602131311256","9.37199994240375","7.19494942728191","7.17275963956332","7.41076242626953","4.84314605951768","6.51828673306088"
"HRV","2.95627467759456","3.12086438822922","5.82057782487921","5.59963345499783","4.1799487128833","4.30749284799106","5.07683540524606","5.07502181206927","2.0116534187522","-7.2179072545037","-1.24307134590256","-0.0829442867532464","-2.33990679818292","-0.396793619221853","-0.425623768351187","2.52255339863314","3.56228782892714","3.39957395936727","2.8203231384537","3.39971661251161"
"CUB","5.91476001879718","3.18502990449461","1.42482126141282","3.79274022304334","5.77053807021559","11.2016565561279","12.0658629777336","7.26213696647943","4.11682804164681","1.4513054307407","2.39035229650723","2.80230083647626","3.01490028898772","2.74760256257211","1.04757663187654","4.4383335888395","0.512843095700745","1.80979177212284","2.24794854086232","-0.163087223606624"
"CUW","..","-0.695753704098053","0.397065216763636","0.288186681651752","0.208461073109362","0.676425345201665","1.63593468987035","2.46996322836787","2.18804308019168","-0.531308242338184","0.0823066088131412","0.508457572414372","-0.34895035717112","-0.635696647893425","-0.637398345190817","0.45815174597594","-1.06770769957464","-1.27620931537493","-2.10411142994484","-3.20613171902549"
"CYP","5.96531031488554","3.95256054086292","3.72295649883057","2.6232861229859","5.02634392575987","4.85300383835666","4.71382866563106","5.09806845261184","3.6468119905756","-2.01526235906867","2.01469570699406","0.401437941132741","-3.44682208589713","-6.55307825499119","-1.82930910922002","3.38307971194378","6.45455446625895","5.85254035493243","5.69284172448825","5.83988491154004"
"CZE","4.00102863502944","3.04297656257042","1.56985532822202","3.58368845880418","4.81426100126959","6.60161752988951","6.76693268125427","5.57033885921025","2.68641195092762","-4.65733109171755","2.43490215904518","1.76035962445222","-0.785004299003617","-0.0459036735515213","2.26210289708078","5.38838083815307","2.5372845203138","5.16872430413071","3.22008806955105","3.02987866345279"
"DNK","3.74686259540198","0.823152998014436","0.46634557149423","0.390058556485101","2.66821926741747","2.33664130821947","3.9130079783106","0.909238928302372","-0.512016744849106","-4.90654772965155","1.87099114718497","1.33677776690328","0.226499791802965","0.933340972371226","1.61939381103033","2.34259110757047","3.24595698524396","2.82173634129026","1.98953731496432","1.49348695853648"
"DJI","..","..","..","..","..","..","..","..","..","..","..","..","..","..","7.06154324233921","7.52610891881017","7.1234323372872","5.458091517212","4.7744168883374","5.5451305999467"
"DMA","2.3402193206939","-0.0638447296175713","-2.82799889265104","6.35313712169359","3.0506902946631","0.655862268923528","4.65945548635737","6.3529724394503","7.12105798575789","-1.16959064327486","0.672634400445048","-0.22355068823471","-1.05900024335187","-0.99994063117542","4.75378658076897","-2.73150306271826","2.76364798170461","-6.61899463280534","3.54758441831531","5.5024834367041"
"DOM","4.6617622800146","2.45951636772918","4.49510340292099","-1.34570618506442","2.57013427930197","9.4282369467968","9.1743554058408","7.41595171481455","3.20950426157958","0.946155167790621","8.33965105962218","3.13342300326755","2.71736789670562","4.87520509332271","7.05046368965911","6.9270187716221","6.65920026269582","4.66670467732366","6.98252758458058","5.05216802016253"
"ECU","1.0918015643576","4.01562989958492","4.09677665885357","2.72287733695474","8.21102091734038","5.29130826699402","4.40352643383186","2.1900639722454","6.35713059990832","0.566491592100093","3.52529866894027","7.86814091910996","5.641962066712","4.94651126690626","3.78886854920833","0.0988726083462694","-1.22638398463879","2.36838652633651","1.28929193290502","0.0121051028476558"
"EGY","6.37000383212826","3.5352519726413","2.39020402595989","3.19345473739745","4.0920716112534","4.47174447174434","6.84383819379117","7.08782742681038","7.15628356605819","4.67359979952391","5.1472348575531","1.7645719489982","2.22619979863525","2.18546605362143","2.91591187985748","4.37201907790141","4.34664345555447","4.18122099994778","5.3311086189448","5.55209307156956"
"SLV","1.12790697674419","0.879613659882722","1.57291844759789","1.56539303147618","0.889404485692197","2.68083009363194","4.3369986028604","1.84760220587859","2.15440283228119","-2.10876803551609","2.15419501133786","3.77358490566037","2.88770053475935","2.18295218295219","1.7293997965412","2.40000008852115","2.53906241135864","2.28571437002014","2.4208565263835","2.36363628316258"
"GNQ","18.2137799569674","63.3798754250602","19.4628340359251","13.9552503163825","37.9987268556423","16.7487006053541","7.70491760658767","15.2821139194857","17.7991091333811","1.34335628806095","-8.92417588851806","6.52392362989873","8.31287184445641","-4.13319850131583","0.415066301596866","-9.11004114881537","-8.81641723219757","-5.66750850486686","-6.23654406734575","-5.48182537893445"
"ERI","-3.14198590251638","8.75543552816325","3.0054291917378","-2.65551592487554","1.45173556595506","2.57444955124846","-0.969217110711355","1.42682221120323","-9.78303001782456","3.8765015275421","2.19419034888082","8.67980010138049","..","..","..","..","..","..","..",".."
"EST","10.0876344406951","6.00367425106573","6.7713679304362","7.60026518508707","6.80400777050136","9.52642697162088","9.76558336997708","7.57914052046765","-5.13200095768519","-14.6290550324223","2.44426511799784","7.26308458128695","3.22820049358981","1.45842863615992","3.01136658651455","1.85302004629342","3.15556481438308","5.79204467466494","3.78420084952826","3.73970668161645"
"ETH","6.07321747957957","8.30130632052328","1.51472570631101","-2.16135972205798","13.5726031368695","11.8187659466494","10.834727065877","11.4561670000236","10.7885216853725","8.80255319782566","12.5505383459308","11.1782962271641","8.64781163337416","10.5822700482672","10.2574929610051","10.3924630202334","9.43348265784402","9.56418964295607","6.81614779681703","8.3640856990789"
"FRO","..","..","..","..","..","..","..","..","..","-4.30300216202099","-0.576939114349187","3.70819417120374","7.01665379949266","5.85305191414515","5.43270135720174","0.976378534447207","1.46991580449085","3.51430597113568","2.73155215546514","4.39010333975558"
"FJI","-1.69999841605511","2.00000014675206","3.19999911373267","0.999999344757299","5.29999970460935","0.700000402432437","1.85248387199486","-0.850654310045826","1.03279422025967","-1.38603770763581","2.95467242212241","2.70514302901049","1.41131438177968","4.73421948956532","5.6035148874531","4.50119939222793","2.44565200769968","5.35336493706966","3.81235097047221","-0.580504258785638"
"FIN","5.7733624584817","2.61001912392074","1.70714896198065","2.00378420285061","3.99209129032087","2.77985055556123","4.02740965802573","5.29933650739021","0.783995060876521","-8.0744474323113","3.18595865407703","2.54766483842627","-1.39754572817782","-0.901696316194844","-0.364908156882066","0.543659211765487","2.81145776663433","3.19240962968416","1.1397180134305","1.22474892206223"
"FRA","3.92366922704063","1.98372141863292","1.13553148214601","0.823160756684118","2.82975292869891","1.66321998030079","2.44932360111885","2.42473624337305","0.254945960124033","-2.87331382849632","1.94943762312663","2.19270063266654","0.313134751077172","0.576326674771792","0.956183052371557","1.1129123405747","1.09546440372048","2.29141999417021","1.86506607081999","1.84297181445896"
"PYF","3.24541101308193","-0.341595578089056","0.846181482808589","2.1269288487261","0.971259129987544","0.309973476180005","0.889584117597607","1.70497563803002","0.00676755066312751","-4.23139183069446","-2.4660641898174","-2.96195745427229","-0.927537712532072","0.398801414346934","0.593554452942286","1.66510563013841","2.3696444471055","4.37450238290198","1.83202822787646","2.69993449863051"
"GAB","-1.88296639760897","2.13523342197423","-0.249033168543434","2.2473300115045","0.689543058464849","2.67620333310926","-2.80657835569052","6.00810802487668","-3.30843064878751","0.130331119816617","7.08988731455126","7.09175334258654","5.25107691750407","5.63869900338696","4.31496444107469","3.8788993950789","2.09144220829562","0.472642030911146","0.83791658082157","3.92080879452831"
"GMB","5.50000021632955","5.80000024323377","-3.25000014970206","6.86999962173842","7.05000000064635","-2.35172936176019","-0.555580977246521","3.04324950829739","6.25590553394287","6.6657243078367","5.90833580968288","-8.13044422315659","5.24156924630741","2.872768790327","-1.40738249510954","4.0580738039996","1.94335965478776","4.8226112492757","7.23489033258579","6.22205315994859"
"GEO","1.83834106614221","4.80545327255501","5.47383680119593","11.0587231936646","5.79449634569851","9.58957406160836","9.41977064759736","12.5789534308973","2.41857165904172","-3.65051363069394","6.23231018305886","7.36066161833176","6.41677667945346","3.61555371862646","4.44154840433009","3.02657661687478","2.90643878002064","4.84260322496586","4.84291988506627","4.98235047511106"
"DEU","2.91250296366708","1.68146848097079","-0.197973834771361","-0.700116686114356","1.17508813160987","0.731707163554191","3.816441912988","2.97645513131597","0.95987913356484","-5.69383633640285","4.17988249873657","3.92519270463411","0.418497594217598","0.437591303144671","2.20954343134872","1.49193152760772","2.22999986782015","2.68023111405891","0.981232606004738","1.07547163576423"
"GHA","3.70000008164408","4.00000012807919","4.49999955900331","5.200000133101","5.59999999077445","5.90000381855104","6.39991260618034","4.34681910440079","9.14979893831817","4.84448705175076","7.89971194051621","14.0471235803149","9.2927894063005","7.31252501678145","2.85624016330883","2.12075933817334","3.37346574966936","8.12889488100956","6.20007768127284","6.5077747939152"
"GIB","..","..","..","..","..","..","..","..","..","..","..","..","..","..","..","..","..","..","..",".."
"GRC","3.91977052993795","4.13161198627073","3.92287174153145","5.79453166075554","5.06099249240204","0.599142036530793","5.65243353574094","3.27374687573136","-0.335172543061219","-4.30073348668201","-5.47780804926842","-10.1493148298685","-7.08669678638024","-2.51599722189651","0.475695947137041","-0.196087629724133","-0.487173294301954","1.09214912017283","1.66842863602514","1.87948998590817"
"GRL","7.10159688181619","1.26903507902787","-0.971177310665553","4.43004572118211","6.90658283676629","4.98749177090193","5.55569490080012","2.3524379811805","6.1661327018619","0.865952328886948","1.73582505889665","-0.496519391959083","1.39419335955625","-1.29828069335511","4.7421356730152","-2.52931802394475","4.68195410972302","0.0527281828800312","0.62306542854094","2.83217756798683"
"GRD","4.88795213650562","-2.02390004072058","3.43732352954147","9.46397343076491","-0.647450316084857","13.2761883306272","-3.99532824427482","6.12345094741467","0.947542624907697","-6.61328134799545","-0.511146187173722","0.764773550338731","-1.15483816409801","2.35109801677905","7.34212396037948","6.44522314693144","3.7396039558691","4.43867566948151","4.36144039364797","0.676511738873756"
"GUM","..","..","..","0.879314134974734","6.49378949662236","3.64231634949867","-3.65251727541954","0.717213114754102","2.03458799593082","0.438683948155543","2.26325193567601","0.0776548243059523","2.13385063045585","1.69040835707501","1.79305192379529","0.825688073394488","0.18198362147406","0.890099909173486","-0.792221822110193","2.59528130671507"
"GTM","3.6088687174876","2.33257486608854","3.83928708556792","2.56037766801896","3.13791683609193","3.27602692588886","5.35139778711536","6.33771869016203","3.29352400028485","0.476898106596394","2.88417542800377","4.16390688293349","2.97470856847661","3.69481919881751","4.44397758285268","4.09217081621244","2.67780255532826","3.07985149125689","3.40687339997949","4.0178979343828"
"GIN","2.50306056299607","3.65834646929586","5.16460946696631","1.24860125923698","2.34011731288737","2.99727256275818","1.18960211693242","6.81747111070281","4.13301615965833","-1.12264204848687","4.81336016860719","5.61211177615068","5.915286260084","3.9456870867141","3.69655311729832","3.82591056947008","10.8206271965239","10.3000053426788","6.35849192650272","5.61691446969918"
"GNB","5.42698736686771","2.18890681470731","-0.985177524991386","0.568510176088452","2.76140199048032","4.26609893145407","2.30935799764794","3.26295545608291","3.20356730693297","3.36897495773184","4.61097090010318","8.08477973398716","-1.71268301181074","3.25590426517695","0.96456075098132","6.13408294113292","6.26280563780463","5.91917662586047","1.28373670309465","4.49999999151316"
"GUY","-1.36380390261873","2.2795216592191","1.13262696199476","-0.632225388266377","1.56335211034042","-1.95095759501714","5.12960934773","7.19123624057457","1.75522349592019","3.61150847218585","4.13844160137342","5.19625156051602","5.27633062046809","3.65338433338232","1.68649445019584","0.687404590619494","3.80745626378814","3.73449154571284","4.44091288475967","5.35284003535665"
"HTI","0.870059259424892","-0.342747883252144","1.05182013450109","3.48077973188326","-1.3178567596495","3.07217337664731","1.76875060288195","4.70652994008303","2.6580323082747","5.89037894844316","-5.65151153448299","5.09821354410036","0.502424403581585","4.32478411472874","2.88877251536053","1.4000000019679","1.81246807847532","2.51027134544685","1.66781095484656","-1.72309699535413"
"HND","7.29128815869618","2.72319327321379","3.75433786119939","4.54703805165397","6.23230296069102","6.05059922215973","6.56724355177587","6.18832716678008","4.23160011009342","-2.43162787988011","3.73114034433009","3.83569066207505","4.12868774866939","2.79155975746801","3.0580805621437","3.84007997093951","3.89297219726413","4.84291391050387","3.84499476966735","2.65306625480355"
"HKG","7.66346714088868","0.56080027854064","1.65669516668655","3.05629169188697","8.70006348101138","7.38815221444673","7.03262886600626","6.46483649993034","2.12785136154758","-2.45905568784876","6.76769054741861","4.81473243766588","1.70031994385079","3.1015529558385","2.76238422541562","2.38784706747271","2.1754189894252","3.79610314564431","2.84692053389013","-1.67243165327264"
"HUN","4.47919473197571","4.07408803273854","4.7412865464827","4.07424974585209","5.00462069164915","4.29427761009178","3.9460668802932","0.277372772325805","1.00394302900897","-6.59786721850169","1.0762540427767","1.86683747544298","-1.25022602347063","1.80252210082266","4.23220980614269","3.7073159793626","2.20100189293856","4.27197601620695","5.36234836176223","4.86422573511891"
"ISL","4.98504277020335","4.01349755473568","0.559519082007625","2.14268837866911","7.80239950753543","6.12443896533613","6.31699308637074","8.45486009612951","2.20949641882098","-7.66380956025947","-2.83277491540855","1.84577915624217","1.06363660743763","4.55246032015107","1.68721501750642","4.43666371937172","6.30368710650176","4.19494882908376","4.88917299486545","1.86117794293874"
"IND","3.84099115659129","4.82396626555771","3.80397532112175","7.8603814759073","7.92293661259009","7.92343062107486","8.06073257216011","7.66081506586751","3.08669805952395","7.86188883244891","8.49758470212609","5.24131500151445","5.45638875261152","6.38610640116532","7.41022760058425","7.99625379040316","8.25630549903522","6.79538342343425","6.45385134074191","3.87143693928024"
"IDN","4.92006774777576","3.64346644786215","4.49947538889633","4.78036912376109","5.03087394494024","5.69257130261316","5.50095178537065","6.34502222761846","6.01370359922831","4.62887118346032","6.2238541798264","6.16978420771008","6.03005065305615","5.5572636889101","5.006668425755","4.87632230022123","5.03306918280177","5.06978590134916","5.17429153955024","5.01928768046282"
"IRN","5.84552747587396","2.39217271180297","8.07882927923774","8.6392983956527","4.33666598322418","3.18980408131023","4.99979526935969","8.15577351843464","0.250856552511053","1.00738546285622","5.79793829590261","2.64571792008958","-3.7471713986414","-1.52197920494163","4.98477506709494","-1.42488493937491","8.8150866425182","2.75850524578875","-1.83800757093036","-3.0705879849703"
"IRQ","16.9216656903831","1.76148008080345","-8.19846982382958","-36.6581526754007","53.3817941859476","1.67188962404498","5.64629779544931","1.88557214264485","8.22810710383277","3.37929909442771","6.40256484471193","7.546471200426","13.9364301737537","7.62857118471159","0.197016710359037","4.72286401884131","13.7873730187089","-1.81975035118309","2.63385099105624","5.51379057418826"
"IRL","9.40352467698926","5.30582152808266","5.89936526893928","3.01383869171366","6.78813997127008","5.73978167213708","4.98785381227775","5.31011822051231","-4.48407064569804","-5.0957831845721","1.68297202204354","1.28075209135081","-0.129692110994981","1.17461437395743","8.828998727303","24.4752533362377","1.76555687937534","9.31125930624903","8.47029545192876","5.2977280259237"
"IMN","5.30000152552805","5.39999903126116","6.19999819490684","5.99999968812641","5.20000310402496","5.89999933576675","7.69999871253432","7.50000022988817","4.90000100081545","2.10000027181374","3.39999842395957","1.99999938207415","7.30387926678051","4.14186831989466","5.15503233863437","-0.385798408302321","6.95230252984427","2.83776234375715","2.21339786951343","0.254884930058935"
"ISR","8.67165527699174","0.334070643441066","-0.114220927907823","1.39391296405174","4.7844674262581","4.13407661867554","5.58266795932438","6.0332135706837","3.25116336079073","0.883120393565378","5.66851511790733","5.56113907589013","2.58765384384346","4.41550158737924","3.91912689280952","2.48582628898106","4.52168030880658","4.27659595115593","4.0703218874397","4.15613798897733"
"ITA","3.78695514323979","1.95137155605238","0.253942998968455","0.138626890776507","1.42359415817907","0.817848973650598","1.79063968081796","1.48707298036786","-0.962012840579291","-5.2809372082931","1.71329583916922","0.707333347034435","-2.98090576823772","-1.84106545088248","-0.00454754236383792","0.778304350716581","1.29346273155907","1.66785904106857","0.925810941012742","0.483198316597154"
"JAM","0.87870354796236","1.34492956396697","1.99729094407155","3.66631759279021","1.32372509977827","0.893797935945003","2.89912534958872","1.43195403665118","-0.811736703280815","-4.3453018579464","-1.45714720947502","1.73037626746921","-0.613636039869121","0.5176860128024","0.689822357374339","0.92148712538031","1.37522306445538","0.997123062335191","1.88992368121086","0.892291653822227"
"JPN","2.76464755143648","0.386103426145752","0.0419624993125609","1.53512549928013","2.1861156944216","1.80390087227372","1.37235012762038","1.48396941163492","-1.22428900072828","-5.69323635882266","4.09791791930137","0.0238095237748297","1.37475099920874","2.0051001767726","0.296205514142628","1.56062669674904","0.753826745903538","1.67533175166503","0.643391023460339","-0.402169200910933"
"JOR","4.24571192079179","5.26995757513571","5.78380792679296","4.16166755544407","8.56721424236899","8.14659481079931","8.09297527811933","8.17616995204646","7.22038637280139","5.02371007272669","2.31483422063046","2.73717988632104","2.42935800100238","2.60994737548631","3.38407809933472","2.49652879315188","1.9941808493012","2.47359815449045","1.91907263610851","1.75123905880616"
"KAZ","9.80000000214156","13.4999999984358","9.79999999960842","9.30000000033759","9.60000000136854","9.69999999922682","10.7","8.89999999999405","3.30000000021091","1.19999999942873","7.30000000329814","7.40000000144188","4.79999999528297","5.99999999671084","4.20000000566705","1.20000000053288","1.09999999910173","4.10000000257358","4.09999999309841","4.50000000091883"
"KEN","0.599695390807426","3.77990649795343","0.546859530175595","2.93247554570904","5.10429977629738","5.90666607980057","6.47249430015484","6.85072976998784","0.232282744812977","3.30693981631089","8.05847360290906","5.1211061197056","4.56867961444982","3.7978483925754","5.02011100232484","4.96772112759767","4.21351706814744","3.83795817364721","5.64794640709219","5.11415885767801"
"KIR","6.25","-1.47058823529412","3.78746268656715","2.00632463588045","-1.62936020385506","4.95163162646716","-0.0492953226795265","2.03494726487787","-2.09143675813912","0.802819886903677","-1.12026026125162","1.76257601036156","5.13614432896563","4.16157447719831","-1.09628859925108","9.86517472141171","-0.478196754652373","0.186027236937676","5.11363636363636","-2.16216216216216"
"PRK","..","..","..","..","..","..","..","..","..","..","..","..","..","..","..","..","..","..","..",".."
"KOR","9.06083332508534","4.85239957151281","7.72514267547173","3.14729119373409","5.19739136324382","4.30854271411236","5.26432659466724","5.79954841503216","3.01298487281167","0.792698989518186","6.80482491783671","3.68566778212526","2.40253099246186","3.16470863647184","3.2024537945736","2.80910326824133","2.94688171508626","3.15963574012777","2.90740377377135","2.24397786011012"
"XKX","..","..","..","..","..","..","..","..","..","5.03485413839893","4.93995054897727","6.31981068675161","1.71219624298409","5.3407995117233","3.34880329317689","5.91623248035947","5.5717745349217","4.82565635604956","3.40663099060228","4.75680062210702"
"KWT","4.69458187079211","0.213332576499354","3.01428315192251","17.3260204175143","10.2402980586354","10.6090449840228","7.51477300024021","5.99157551059315","2.47975694278544","-7.07605643073411","-2.37026412020438","9.6284069747757","6.62581830014173","1.14930043706521","0.500876982158658","0.593019617221231","2.92586822591576","-4.71210620851997","2.43398126850201","-0.551959331708446"
"KGZ","5.44333663314049","5.32162142208621","-0.0173246019508753","7.03029320087867","7.02681241544165","-0.175515412534736","3.1028987453346","8.5428747644517","8.40161605989967","2.88629457537593","-0.471566601130064","5.95627430862645","-0.0881502010105493","10.9154694543144","4.02403862576848","3.87582544821412","4.33585591715959","4.73993722539467","3.75791012480495","4.60062566646752"
"LAO","5.79878232861959","5.75141287983195","5.91874368370564","6.06700230344272","6.35769548008234","7.10756836811267","8.61926620832807","7.59682880054878","7.82490276337012","7.50177491225853","8.52690551739717","8.03865268023725","8.02609843461283","8.02630022699017","7.61196343979319","7.27006584373785","7.02283625501138","6.8925308726989","6.24796000755872","5.4577350924848"
"LVA","5.67574131186166","6.32350815882813","7.08812865691006","8.42286220668569","8.28414597787324","10.7203659565649","11.9718356939022","9.941921627624","-3.24912072305602","-14.2601400377132","-4.455567259981","2.57371236333377","7.04224716054507","2.00796687876637","1.90217268380506","3.88526005426763","2.36861474664423","3.31247593587459","3.99051924069269","0.587502383494098"
"LBN","1.34187161970405","3.83966927702973","3.42314982843781","3.22709826879041","6.67944461641103","2.68577931016345","1.54951500083213","9.31062252641144","9.06912826789082","10.232155577776","7.97513555844932","0.86733987855277","2.56479133680038","3.8278734986016","2.48406010500743","0.462320792597581","1.55454940856943","0.903028464073813","-1.88470575631651","-6.91492472851026"
"LSO","3.87554681425559","3.56158219085177","0.723835961486998","4.55977681130389","1.69237420642212","3.46612248144235","4.23009485409347","4.18791441799632","5.52341966978646","-1.25375779920832","5.26967078056286","4.61641394528752","6.33408374679448","1.79252555575545","1.71054990545476","3.12406678044546","3.60890731687714","-3.13817493733471","-1.48063315848241","-1.41799383085205"
"LBR","..","2.92027476569781","3.76301761700071","-30.145132727942","2.61984689477413","5.28121245309295","8.04390997190059","9.53527536282282","7.14569112811476","5.30054050291531","6.09982524004147","8.20076822497064","7.99381444555367","8.68728781639683","0.701393100287518","-0.0185649695590939","-1.5549586174878","2.45515592012239","1.15757512207355","-2.46729763532686"
"LBY","3.6792704082","-1.76283887062603","-0.958897332849631","13.0160372478013","4.46163899648637","11.8707565226151","6.50052541959279","6.22998278561838","-0.162048238799883","-4.4001817631021","5.0272476723775","-50.3385151384986","86.8267484395784","-17.9979615745681","-23.0428058282215","-0.842656252118843","-1.4909411172622","32.4918021862688","7.9413678529104","-11.1956945908638"
"LIE","3.22019308239609","-0.733092455297992","-0.993919947159299","-1.93756534125014","3.03917210306501","4.82807677743524","8.64496857267281","3.325963509369","1.79808847836411","-1.15748291975636","..","..","..","..","..","..","..","..","..",".."
"LTU","3.69552542107776","6.52610890248806","6.75141457592376","10.565956988762","6.56949011753593","7.73236760360545","7.41412133545715","11.1074801410501","2.61442303328732","-14.8386083735986","1.65124065328366","6.03900816040344","3.84386474906337","3.55007284270488","3.53700987901611","2.02458395469182","2.51882827307178","4.28259695120761","3.99331032795327","4.6656783812234"
"LUX","6.93813024939334","3.07435499929876","3.2254168997208","2.61937857939165","4.23189130735582","2.48287474811472","6.01671504402741","8.0986676066054","-0.30017619444267","-3.23895402683188","3.76041359255095","1.04429869455731","1.64990202978652","3.17179049916005","2.62308601577192","2.26978448419565","4.97819043681629","1.31718766293677","1.21932191856359","2.9158479150005"
"MAC","5.74661120275405","2.88841412754124","8.91060554873478","11.6406279553622","26.6303427057285","8.07569424747268","13.3901469197364","14.4767411392737","3.39134349083308","1.27440707233202","25.1225945599347","21.616648080154","9.24226499297308","10.7527800789862","-2.04830363415093","-21.5144021947741","-0.679023626830443","9.8600273155359","6.40517849433957","-2.56352273205944"
"MKD","4.54913578288874","-3.06725662451662","1.49366547202928","2.22260165732409","4.67408957960916","4.72408864201974","5.13702516153505","6.47348685752347","5.47200139015595","-0.358614856979671","3.35875085773812","2.33988604520331","-0.456183223607937","2.92525766450484","3.62912351276373","3.85586514041738","2.84820519363306","1.08177273813243","2.88059670964267","3.91041953840173"
"MDG","4.45685893956946","5.98023576982733","-12.4079711055149","9.78489212474175","5.25700362208742","4.75584509499119","5.3985084485368","5.71056419885052","6.71263253913001","-3.9787086116544","0.619239744622121","1.57842705366555","3.01114811621208","2.30037622800727","3.33920311195367","3.13229807490305","3.99314606199499","3.93330759462793","3.19435651744398","4.41123212909589"
"MWI","1.57607762407666","-4.97496361701027","1.7000000294894","5.70563940662782","5.42049754887375","3.26872602144522","4.69999976528092","9.5999998762672","7.63973639933594","8.32810985214307","6.87406585401583","4.93266999845889","1.90000000072148","5.41034999949829","5.62526999979218","2.80000000125504","2.4999999990207","4.00000000038216","4.39168829609886","5.44818133617287"
"MYS","8.85886816969386","0.517675319192861","5.39098830692797","5.7884992858875","6.78343772370305","5.33213916141486","5.5848470671515","6.29878592740947","4.83176988913097","-1.51352871598714","7.42484738326097","5.29391283414003","5.47345419253853","4.69372252557893","6.00672194558203","5.09153242155011","4.44978139761541","5.81272240983328","4.84308697634881","4.41318742129586"
"MDV","3.84581039203465","-3.94363435410108","7.26838631331684","13.7500498204898","5.81636675604209","-11.2231660580358","23.6057983386428","7.12342744821655","8.97981702056431","-8.15776322638922","6.83547139396723","8.57269902359177","2.3637475972762","6.963246535526","7.8010947506405","3.97171571269122","6.57223615363461","7.05453899044939","8.66800619702575","7.29833575359473"
"MLI","-0.0608349718131223","15.3762394579174","3.10630825205686","9.1190419953243","1.55999866053489","6.53477877481288","4.66218687758322","3.49361681253744","4.77314508142975","4.80632226697864","5.31393527895875","3.21313378044307","-0.83673463153076","2.29506828962617","7.08468388056527","6.17180002424978","5.85229919941415","5.30545608438166","4.74648432724561","4.75616080770808"
"MLT","19.6812693767412","-1.17469665032554","2.5652636837324","4.07406758949939","0.140268537240203","3.38359372183241","2.51014276491905","4.77470580212453","3.8263591660248","-1.13387365460049","5.5436400107222","0.467050564252716","4.11770637605775","5.47335591422899","7.6335384644276","9.6081323482308","3.38145047586738","10.8692692319326","7.41626982344488","7.05872728924383"
"MHL","1.35407910881","6.82608517234486","3.74145213225039","-1.61587590913923","1.38978250861818","1.78469140548532","0.219614635016299","3.41627945757952","-7.64627478196799","3.69821916480055","5.44676450566732","-0.214165889292744","-1.30886862242279","3.61044913873765","-1.15756789045956","2.10051933296636","2.14429110392376","3.73379823757942","5.65921056406313","10.3578294514594"
"MRT","-3.91802587923293","-0.799493815789347","1.38148396199058","6.92826955106302","4.7327579245203","8.56628724906668","18.3331987597713","-1.96942275160761","-0.331079195278377","0.0978758719728035","2.62022952055378","4.17278328304418","4.47001318233693","4.15081318627171","4.27482327130284","5.37633923694936","1.2609092171336","6.27054567904293","4.77217367297298","3.14100486953089"
"MUS","8.20279174865273","3.34754072731407","1.61491865862433","5.92544548947731","4.33001985464357","1.77754302034454","4.8655446077553","5.72701615981669","5.38696254207251","3.31507699790781","4.37720322344293","4.07753806610333","3.49611836470866","3.36040609974133","3.82696982009337","3.69055690369433","3.8624682634","3.93798380632353","4.00674057198549","2.89128499346516"
"MEX","5.02928399378261","-0.450845253215945","-0.236588001922641","1.18554486144255","3.56544103201486","2.11324711473297","4.80501352193184","2.07786393942817","0.943331858052289","-6.29525055291316","4.9713345620779","3.44404507835114","3.55321075014902","0.852101564092919","2.50376350288664","2.70232342550646","1.77249323408108","1.87172852475888","1.97208211117706","-0.278148781271128"
"FSM","4.83390378617111","2.16760244050491","0.546997672499344","1.57211506743108","-3.08015304747474","2.04186716395544","-0.0810552934164832","-1.83618529402398","-2.40849258666222","1.09309924105246","2.25938995585932","3.18857475473928","-1.86681975475544","-3.67976779073483","-2.30577574529325","4.62188400404939","0.900180416516932","2.68218594445551","0.211653600126766","1.17479922829746"
"MDA","2.10771608200733","6.10000039929173","7.79999965773833","6.59999995777716","7.39999973358189","7.5000001493726","4.79999983670831","3.00000022585525","7.80000014541523","-6.00000026352828","7.10000010705836","5.81816614684824","-0.589733954762579","9.0438656074181","4.99962585407656","-0.338235622387202","4.64601436259409","4.17561205106279","4.07559546585034","3.5523140853476"
"MCO","3.91022917641209","2.18773409061774","1.02649563899888","1.08753674887137","2.47048416786116","1.87567963514286","5.79404793257837","14.4386357978591","0.73961279095063","-11.3344849924422","2.06522003847931","7.02235796606936","1.01221796129491","9.57709795612061","7.18702789807635","4.8634732114333","2.96410458593932","-3.04412148638065","5.78034682080926","7.08346061161458"
"MNG","1.14606213709108","2.95271054338117","4.73297846590111","7.00463457384886","10.6254059599309","7.25366543796015","8.55623481664365","10.2480163590057","8.90036794067551","-1.26859893608282","6.3651616786311","17.2907775869555","12.3198198494032","11.6489161878925","7.88522548204762","2.37983580731722","1.48978448679577","5.63687638694772","7.74488062024881","5.60224422064255"
"MNE","3.10000005928039","1.09983870937067","1.9039367333292","2.48265922878484","4.42605071745102","4.18060450885476","8.56641802964207","6.81015012526991","7.22275259212526","-5.79509699477244","2.73433108233829","3.22845102061061","-2.72379077130623","3.54897991245058","1.78369858106701","3.39038139712073","2.94928032097511","4.71646527572034","5.0778888113381","4.06294499167197"
"MAR","2.58218091499747","7.72182519577728","3.73019737485745","6.17110214953244","4.57138016516208","3.19224973015831","7.7908200104027","3.44106776690418","5.68453936284732","3.74576940136258","3.49955709403216","5.52464523319847","3.06234368502997","4.12221286860944","2.7192440802029","4.34458297635238","0.52118550608968","5.05789816173446","3.06564133025955","2.89097476137077"
"MOZ","0.766234955773442","12.8516820207736","9.66850534669427","7.21770086569656","8.20470494788577","6.31202378023193","9.91067756782915","7.64935393795867","6.87802942560995","5.92897187460815","6.67972935662864","7.13405842300445","7.9945031610722","6.57141389665537","7.70256844839309","7.3930936986377","4.69699024225795","2.63820737310658","3.48493731678248","2.31780739722586"
"MMR","13.7459305561194","11.3439970698092","12.0255134342358","13.8439968900081","13.5646616163119","13.5689500216929","13.0761013794364","11.9914352401144","10.2553053930386","10.5500090960818","9.6344394521787","5.59148237819613","7.33267044715453","8.42600102485179","7.9909155972889","6.99284029025127","6.03793694060666","6.13610824360305","6.26886221471075","6.57911006765414"
"NAM","3.49218336365178","1.17794869467917","4.7886612188211","4.23979429582137","12.2695481036769","2.52926265819022","7.07317531845825","5.37404415167634","2.64981203780268","0.295970914001089","6.03924947955858","5.09133813864338","5.0616820696264","5.61471962254485","6.09251915977956","4.26417453763675","0.0337944502063294","-1.02725082701774","1.05994347072928","-0.839154686169735"
"NRU","..","..","..","..","..","-7.84313725490196","-8.51063829787235","-6.97674418604652","65","-6.06060606060606","-1.61290322580645","9.8360655737705","31.3432835820896","4.54545454545455","15.2173913043478","-5.66037735849056","8","-6.48148148148148","7.92079207920793","8.25688073394495"
"NPL","6.19999998192236","4.79989214255407","0.120143177369414","3.94503776051116","4.68260325152944","3.47918104829496","3.36461478056277","3.41156027980276","6.10463914373472","4.5330787246486","4.81641464694573","3.42180870116162","4.67014192446953","3.52515317129149","6.01148284250441","3.97605327162971","0.433113719381524","8.97727935643466","7.62237610397935","6.65705543110467"
"NLD","4.1956424978691","2.32695508699258","0.21727359494956","0.155645898017013","1.98494571422152","2.05087610813881","3.46098895411502","3.77284252073882","2.17032485133603","-3.66688393735825","1.34273933636553","1.55118931244651","-1.03035399148436","-0.130175288449919","1.42339539510084","1.95916972105708","2.19171371926123","2.91090251315005","2.36091509478513","1.95558841574046"
"NCL","2.10010882688805","..","..","..","..","..","..","..","..","..","..","..","..","..","..","..","..","..","3.99570728203879","-1.40000000198451"
"NZL","2.87134325680614","3.41088144170033","4.71396264184152","4.72847645436924","4.08895692275048","3.3533157967012","2.79846349197119","3.06511783082671","-1.21071159567889","-0.112067630234833","1.46675116493462","2.22157982285107","2.27303148188469","2.76492098657732","3.81083683791805","3.73643071502539","3.80175804809272","3.52441324940476","3.52518320036961","2.44598315515373"
"NIC","4.10159023598223","2.96084342724237","0.753938857526009","2.52073289236674","5.31217061215412","4.28239836333562","4.15319956587842","5.07670170064878","3.43637382878192","-3.29356384667199","4.41048139816023","6.31747638326586","6.49597922902167","4.92679226883017","4.78517074681967","4.79270223158466","4.56292760915053","4.63082155203914","-3.36264928841204","-2.89702791954369"
"NER","-1.20847774100575","7.26813490213235","4.91847057594622","2.1706103837418","0.363801578722132","7.33186884258517","5.93104997350342","3.14272408386731","7.73141422777337","1.96260090694645","8.57816674262253","2.35775693603874","10.5489445763446","5.31513063394726","6.64213665495603","4.39264883207291","5.74089315058157","5.00536078545952","7.21141802870243","5.93985257070464"
"NGA","5.01593475931159","5.91768464920368","15.3291557409559","7.34719496799485","9.25055822917993","6.43851652538319","6.05942803202912","6.59113036068734","6.7644727778017","8.03692510099067","8.00565591628646","5.30792420289512","4.23006117493168","6.67133539306172","6.30971865525467","2.65269329543003","-1.61686894906529","0.80588661910221","1.92275734200651","2.20842927714881"
"MNP","..","..","..","0.343170899107761","-3.07797537619699","-12.7028934368384","-6.87146321746161","-6.68402777777779","-11.0697674418605","-17.5732217573222","1.3959390862944","-7.38423028785982","0.810810810810807","2.68096514745308","4.177545691906","3.38345864661653","29.2121212121212","23.1707317073171","-19.2688499619193","-11.3207547169811"
"NOR","3.31894567098156","2.06713046054618","1.37755700146496","0.944909391118713","4.01458801709728","2.68512289082248","2.46147313370328","2.91403998607174","0.481919541231974","-1.94036469505112","0.787051845495441","1.10565602733728","2.71795926678982","1.01619082409272","2.04813199855084","1.85733972643303","1.16472423497285","2.46374628510146","0.828900664137592","1.12377787436797"
"OMN","6.55106688508485","4.4828025314312","-1.10090529291352","-2.66859110888825","1.29220568072958","2.49022114266498","5.3718888740982","4.45268356538111","8.20007815759141","6.1123956079346","1.71398531148034","2.89460973541192","8.86312225557018","5.22770408145942","1.29225229411081","5.01705799719045","5.04642394571691","0.304057565922449","1.28710391543288","-1.1287110618463"
"PAK","4.26008801112008","3.65135017083765","2.59481668445784","5.40131087314342","7.83125556961251","7.2765744364722","6.05163767569996","4.4448143398844","2.1204410433083","3.47255059567348","1.50171752152883","2.68011685421705","3.02758391088629","4.36686504978387","4.11642817161422","4.21794209572506","6.57383828511043","4.43262590683975","6.15170261099519","2.49763692943365"
"PLW","..","6.44010694933614","3.57939180022888","-3.26338321392616","4.85603027920973","3.95986367865657","-0.405643640893601","2.02114170886298","-5.78191142133305","-6.59047260534193","0.21609349236023","6.68366753808544","1.67259734034882","-3.38730993605576","6.29386586529996","7.53906322541347","-0.0833732240018179","-4.07881092291738","1.40986486486487","0.198285523157978"
"PAN","2.71537380193523","0.574273151095085","2.229149322718","4.20549590588261","7.52207972029464","7.19127934529205","8.65246568580307","11.9839851119737","9.85565510810169","1.24299212683259","5.82799344815517","11.3136259692698","9.77849011059975","6.90394810915348","5.06642233879558","5.73305430915852","4.9532114714853","5.59114887414709","3.68542981594908","3.28187497706709"
"PNG","-2.49484199260023","-0.121288605564772","-0.158900533082658","2.16410250222083","2.72117574098235","6.34479592309654","5.40994409107307","7.81518922862388","-0.296457845880582","6.80042148322096","10.1284540720232","1.10754362619616","4.65711959686239","3.82494632800675","13.5437706216546","6.57835632304275","5.48957315278187","3.53461081750459","-0.279252284959952","4.48043062171888"
"PRY","-2.31414056819045","-0.834054716746095","-0.0214043949985694","4.32074548551591","4.05741836363771","2.13349066459601","4.80711719268376","5.42162287218235","6.4962921197091","-0.261137328080281","11.0952312685521","4.28637120702282","-0.708043112316886","8.29307648940471","5.30123859237025","2.95715173487106","4.26802583314583","4.81007885554041","3.20425034076639","-0.40185510068001"
"PER","2.69437139806912","0.617892325624297","5.45352893818767","4.16502313666112","4.95820320611745","6.28506032509601","7.5288990440594","8.5183877690955","9.1265683014642","1.0958236592427","8.33245910749577","6.32719240161117","6.13972470560435","5.85251821084928","2.38215737180541","3.25224477218451","3.95331871520767","2.51883544233135","3.969351341365","2.24063176875049"
"PHL","4.38250483347254","3.04923150985866","3.71625500158383","5.08691113513073","6.56922851180626","4.94250511877678","5.31641682136939","6.51929155018938","4.34448730509183","1.44832306275669","7.33449996514402","3.85823282420755","6.89695170786769","6.75053130394745","6.34798748029741","6.34830971539886","7.14945675286656","6.93098832521765","6.34148557098946","6.11852566118505"
"POL","4.56098540978283","1.2585694606657","2.03586304126273","3.4983912134025","4.98284456986049","3.50683461435921","6.13113645855509","7.06153463356746","4.19998126444942","2.83218405318897","2.93463818052832","5.04218788292943","1.54522157125609","0.85655708060645","3.83695849351797","4.38329863507276","2.95350884167718","5.14001757409446","5.94520847705498","4.44998787878788"
"PRT","3.81617806346979","1.94367229584959","0.770924024291219","-0.930521192623061","1.78873568157121","0.78184821592744","1.62503417629674","2.50657964551773","0.319247925063081","-3.12207942033321","1.73762547590566","-1.69616478061504","-4.05729360769561","-0.922644674527888","0.792190301875365","1.79204604555983","2.01948539561312","3.5063452848124","2.84932593436179","2.68275992118076"
"PRI","3.2719645286232","6.3134715546886","0.916459383541564","0.0534198046896961","8.74867692653547","-1.98693873332242","-1.40941402442895","-1.16280669029354","-1.8441342497794","-1.9524251417231","-0.413254118484915","-0.358510628287519","0.0292751104899338","-0.306826657099961","-1.19036345385329","-1.04944365110551","-1.26300292505279","-2.88595475858821","-4.36060606060606","1.67506310530929"
"QAT","..","3.89818666233907","7.18215168021513","3.71995867654906","19.2189153397893","7.49275848279068","26.1702456703032","17.9856568160263","17.6635563626089","11.9565611289086","19.5923315337859","13.3751764107929","4.73001184360784","5.55604064306607","5.33432329196459","4.75334572438737","3.06419188430156","-1.49760470227838","1.23487220191065","0.688240959581748"
"ROU","2.4612634592269","5.21813625673708","5.70299165043771","2.34114732919521","10.4281130180976","4.6681480508487","8.02881107599163","7.23380774362805","9.30746717077338","-5.51739440805439","-3.90123628018621","4.51708696433914","1.92499326240754","0.269963878633803","4.12067496319813","3.16050387041089","2.8575460568877","8.19650650309624","6.02901904128214","3.85316383348211"
"RUS","10.0000668136515","5.10005122572568","4.69999190914258","7.29995234528189","7.19994786954857","6.39996544799469","8.20006825456321","8.49997776916511","5.19996926404957","-7.79999391271275","4.49999999920672","4.30002918567749","4.02408615746921","1.75542214874298","0.736267221765672","-1.97271922580408","0.193690071260534","1.82579006401834","2.80724541059601","2.19807571335009"
"RWA","8.37087690291203","8.48458456714857","13.1920711712301","2.20238023793651","7.4476652712637","9.37789810334868","9.22708188550291","7.63329531536156","11.1612547277409","6.24826072258014","7.33464808968141","7.95839412691809","8.64151339688839","4.71985027083323","6.16716724466386","8.85684199832404","5.97075620427256","3.92887558562897","8.53615837521969","9.46228643043381"
"WSM","5.09304469244418","7.39012906172989","5.65195919890348","5.21262892634149","3.0872602379675","6.63920361300734","2.13212714677351","0.485982550017255","3.55610467395","-0.541677601834593","6.1247199226125","3.84907794660396","-3.73213020890266","0.107293276488932","0.659923768782861","3.8503618166494","7.9838628784713","1.40628239971301","-0.609647103380141","4.45185891688691"
"SMR","2.17937971500419","5.57834290401968","0.310800310800303","3.87296669248644","4.5488441461596","2.42510699001426","3.83008356545962","7.10932260228034","-0.500939261114581","-10.3209565764632","-5.47368421052632","-8.3147735708983","-7.04453441295546","-0.78397212543554","-0.702370500438988","2.29150556145005","2.34440586406082","0.258265466508817","1.49390531809983","2.06568514501689"
"STP","..","..","3.360188168222","8.29151946119818","3.5379059435684","6.61462475033599","8.86610935944026","3.64147185166024","6.2287850696102","3.30241414342119","1.44843400467023","1.99944950903044","2.94292216030307","5.11970088264353","4.90620987261865","1.53969216893665","5.17682174955398","4.11296860682981","4.37813939939196","2.01431934293439"
"SAU","5.62541614593002","-1.21074386842668","-2.81917440263172","11.2420613854121","7.95844166576319","5.57385012169573","2.7884022241319","1.84713025491796","6.24977275215683","-2.05924918904591","5.03949288842378","10.9937616282548","5.42739426611276","2.85034299106097","4.02765121507389","4.69014507334364","2.36307457927667","-0.0696980156093616","2.76224373755605","0.832280326830841"
"SEN","3.88721095816793","4.31085146618369","0.0686965747419066","5.59395094456143","4.64329393683312","4.31023852639633","2.33077098330239","2.82711920133374","3.70316906391386","2.75210448455053","3.39088925336209","1.33409107961258","4.00299555090457","2.41238527605579","6.22407443790986","6.36704365066983","6.35606857208136","7.40748618589598","6.20924103388887","4.6136280976221"
"SRB","6.13181308953254","6.87877476506638","6.38040530400453","4.38775702299594","9.02819692829154","5.53034712145433","5.10779014122984","6.43952555416212","5.6555766215919","-2.73175198917728","0.73104455254213","2.0362766886403","-0.68154236933475","2.89263673355808","-1.58951031990257","1.80605926509682","3.33858676542988","2.10116384741241","4.4951212927627","4.33173490608283"
"SYC","4.25319834931828","-2.27116288552982","1.21283290259314","-5.88712848764477","-2.8504539768538","9.0057617374238","9.40612855732827","8.87606645570879","-2.72594626154864","-2.47937594726137","4.50513204312067","9.5097833517957","3.1106784939243","1.25373496242949","4.0636918123521","4.19458692437438","5.10482682890945","2.78671033812937","3.70668006027121","4.87698566447115"
"SLE","6.6527296593931","-6.34545540326558","26.5241348883313","9.48363148565836","6.47884601647948","4.35349994988402","4.28311044472468","7.97656533438349","5.43589304424921","3.20943156226375","6.63749245827168","6.00983104607886","15.2017482734639","21.0790141636427","4.55925353270443","-20.4910741068","6.34672785193587","3.75380321400363","3.47290262012461","5.25374631307365"
"SGP","9.03831632555163","-1.07086275100448","3.92336076702013","4.54825542643229","9.93998268434957","7.36632239250758","9.00676607871758","9.02151951268893","1.86348345462035","0.127953382778088","14.5197497108994","6.21493416858989","4.43549759378537","4.81763099120676","3.93554027709007","2.97679931634806","3.60165603913242","4.54472821784424","3.57543271019112","1.33126132689951"
"SXM","..","..","..","..","..","..","..","..","..","..","3.19999402154491","4.60000299641921","1.39054666984954","1.30672788274755","1.58038463773187","0.105811101134719","0.967761366552637","-7.53521467064108","-6.85698412712318","10.9649995035887"
"SVK","1.16652651824111","3.25378398108975","4.50944413787025","5.49908307699157","5.27888071780144","6.62346125850533","8.49317674533845","10.8320288129653","5.574886345113","-5.45553286715979","6.71663274983085","2.67145277909515","1.31880224556281","0.632740007294188","2.69718980707125","5.16718160614154","1.94395086102337","2.93806867784903","4.03038971425349","2.51125619776377"
"SVN","3.67237154968245","3.21656033452891","3.50559805692072","2.96026028579455","4.35919277843992","3.79797264198649","5.746396900645","6.98016075450694","3.50984151699558","-7.54843779134178","1.34374847220215","0.861327732719303","-2.63943875676689","-1.02928277204056","2.76815883065036","2.21008160650594","3.19185251782498","4.81538063231366","4.45436574721896","3.52267923999254"
"SLB","-14.2769995911798","-7.9566061001623","-2.79998288464989","6.52346685055139","7.6832999660031","7.35784193356017","4.13828031825385","3.63967242948135","6.22596954376191","2.86426790167438","9.70838816928725","7.42994961675907","2.46600138697883","5.23774017780327","1.18921747092358","1.67614615649777","5.55473153366954","3.07534803424636","2.74599542334096","1.74951428706819"
"SOM","..","..","..","..","..","..","..","..","..","..","..","..","..","..","7.52639158294046","9.94679995234841","6.42430700453119","9.5001896424989","2.99402006360616","3.62683006401679"
"ZAF","4.20000000067826","2.70000000019104","3.70037440406668","2.94907546754213","4.55455990721774","5.27705197295467","5.60380645895889","5.36047405394162","3.1910438863288","-1.53808913525583","3.03973288127956","3.16855627858818","2.39623238465745","2.48546800826588","1.41382645223793","1.32186223678229","0.664552307858116","1.15794695147646","1.5567838465238","0.25993557707082"
"SSD","..","..","..","..","..","..","..","..","..","5.04164187983342","5.49341639529945","-4.64031673600859","-46.0821223743007","13.1297311406943","3.37364847715736","-10.7933646271143","..","..","..",".."
"ESP","5.24594382377803","3.93300276489272","2.73094832930995","2.98193631644672","3.12273351662624","3.65208419190144","4.10268574072705","3.60473846199818","0.887067045576416","-3.7631070424473","0.162919517758226","-0.814384776648922","-2.95892213230024","-1.40334186790638","1.39577536727975","3.83851887667484","3.03777414172446","2.97576072924863","2.28446941947622","1.9839662230883"
"LKA","6.00003315828934","-1.54540813366026","3.96467568513113","5.9402690780223","5.44506127885352","6.24174804376447","7.66829190107919","6.79682611892866","5.95008814473897","3.53891205317842","8.01596737040464","8.66948301160571","8.63218138024038","4.05174632926911","6.37797889289399","4.2059554759927","5.05362489256818","6.4606812707036","2.31008425192161","-0.220483886072614"
"KNA","10.042808415173","5.25344983010886","1.36771507253633","-3.93339486032939","3.99634666125431","9.73282070298016","3.15038119968223","0.600602326543751","11.1785279683724","-3.37930611341334","0.0439776540971621","1.61660730423688","-0.525762355415353","5.70982297813258","7.58147888339975","0.714014853728685","3.92265802209508","0.0181152216463687","2.05283385607633","4.0494855356965"
"LCA","0.0487485535201131","-3.40806396189404","0.416450493043214","4.26461148738223","7.2674088699471","-0.410304726290235","6.19525729141048","1.69161857433913","4.94932194028057","-2.82889954830628","0.330018546071486","4.32694280532142","-0.108756148262358","-2.00502437372521","1.32800257162373","0.101913353821743","3.42785383786526","3.38701955301912","2.88076820485463","-0.650152680551955"
"MAF","..","..","..","..","..","..","..","..","..","..","..","..","..","..","..","1","5","-8","-8","6.5"
"VCT","1.63903190394467","1.74823102028898","5.34212707436718","6.69133665352797","4.11469880444737","2.48855733938132","6.99692626758825","3.3229685982929","0.404640808638888","-1.3781936056056","-4.47046793507802","-0.60627665148327","1.16911218376478","2.4624841721544","1.1457271877622","2.78509791763551","4.1496810046981","1.54810173239956","3.1756114423991","0.661727443679865"
"SDN","6.34586743997545","6.50036053396883","6.0064715363132","6.28880816146516","5.14088851762675","5.64351551343631","6.5314117467792","5.73527423664484","3.84674473121058","-2.76770436599138","3.85824195230107","-3.21353209253371","-17.0046884048945","1.95514463302422","4.66137954229873","1.91017689052751","3.46764218409288","0.70925628476644","-2.6809305497999","-2.17825104530091"
"SUR","2.09999886750489","4.20000042083539","2.80000068850687","6.29999943314137","8.50000018479413","4.50000021086888","5.79354358463304","5.11148777773458","4.14340681165626","3.01369898266211","5.16882515225814","5.84936767173009","2.69034974668847","2.9334416518612","0.255503031645475","-3.41109601307089","-4.91578646874108","1.56839798246668","4.94827108468886","1.16758977233877"
"SWZ","1.76017376022224","1.05476490606893","4.38009908790089","3.88021358597126","3.62391422596625","5.99877654987925","5.9921668378351","4.43537557686975","0.821663913800052","1.56504885243515","3.79375496828149","2.247229761068","5.39663069666727","3.86121379766622","0.923230547144357","2.22748067532406","1.06261019342853","2.0265781557498","2.38009549534866","2.69216827271678"
"SWE","4.7663488714872","1.44949861796981","2.1969210621746","2.30981059032811","4.33685615384474","2.85880323990261","4.66277355175126","3.43922177600065","-0.450559256743361","-4.33979057452935","5.95210700755608","3.1953332348894","-0.588304568990736","1.187775715906","2.65779827531642","4.48928158790491","2.07059315052096","2.56792452526476","1.95002284569983","1.98619587380391"
"CHE","3.95871971933516","1.57566196744156","-0.0732170840426534","-0.0323984765377787","2.70170920967028","2.74969898498485","4.07362844994275","3.9163758177818","2.80798363168692","-2.29737463071545","3.24339733550173","1.81310819203695","1.17925383325108","1.79214405707484","2.34988127508626","1.64462768699285","2.0686896670996","1.36279955711416","2.86044579461633","1.14198232505277"
"SYR","0.675642589410501","1.04728710191981","3.95483192702744","7.20443505274413","6.90295943489203","6.21507783539282","5.04619555585526","5.67459177685805","4.47667273608019","5.91204279337705","5.19190584075331","2.8500028435797","-26.3390170772532","-26.3000876641997","-10.3103399024413","-4.17979161679355","-6.4055907393619","-0.723281777470547","1.39317607830837","1.22070522070523"
"TJK","8.32432449473859","9.58083617842951","10.8000037591665","10.9999990780572","10.2999989410117","6.69999851655409","7.00000321108996","7.80000011872161","7.89999827154939","3.90000114826496","6.49999908585235","7.40000059956709","7.49999946321525","7.39999974700379","6.70000069016253","6.01930331771186","6.89999999999999","7.09999999999999","7.59999999939372","7.40000000004744"
"TZA","4.52078463603272","6.0708082870693","7.09319498357334","6.67278983055097","7.50381465861516","7.47631925976344","6.53222138849077","6.76853520294939","5.68641685906199","5.26910524874316","6.33652342667861","7.67215543487166","4.50015356010735","6.78158560065316","6.73246186832483","6.16062877406682","6.86711619644551","6.72726996832438","5.50267599384966","5.79999999996723"
"THA","4.45524704335014","3.44424900968372","6.14903605210036","7.18924330340971","6.28934214285795","4.18763842884337","4.96781089246107","5.43515169050809","1.72569884866334","-0.690618232300579","7.51339053261624","0.840132083053334","7.24279620249642","2.68749556320556","0.984468863619426","3.13404724911635","3.43515771692182","4.1776810321001","4.22287028746071","2.11455779628278"
"TLS","..","16.3513809203446","-6.70365182412642","-2.18226413236545","0.400003981151968","2.98457963807486","-4.11609268942114","10.2653884542201","11.3948048266465","10.1469544183475","9.33151176629212","5.95853971210654","4.86062186827468","3.10436683211147","4.47249846569638","2.7972661120109","3.36817482791557","-3.1445700238548","-0.692800735541169","23.4120167614743"
"TGO","-0.783479606389932","0.82343874878093","3.82662257962269","6.72017142301196","-0.978665335392478","-4.66629938241915","2.65013209953133","-1.17512039095263","4.03564527277381","5.45382399431951","5.85435269284599","5.82325223894063","6.30269541987442","5.82426583399493","5.63324021651326","5.46803129300602","4.21489560918502","4.00791259566937","4.79518333086139","4.92283321360694"
"TON","0.875990063008445","3.74892569298142","4.84801281438973","2.30804549370431","-2.41070060920023","0.0810338937330641","-0.148635322896695","0.271095291096827","4.75016965581759","-5.19910903711188","0.803490182523831","6.81827614447295","0.823102717964815","0.312307909294702","2.01870046039205","1.17188825589601","6.57100050107448","3.32243254438831","0.241227960275054","0.706483433860413"
"TTO","6.90135959072803","4.16852398185424","7.93670968715332","14.4409895389734","7.95005151069972","6.20893787954175","13.2080586051735","4.75420970092722","3.39173707807387","-4.3917292474614","3.32322471027371","-0.294354409043763","7.44666581015142","3.53192565369508","3.85364078923793","-0.777478729405431","-7.52712257987442","-4.8008157464911","-0.602435915455416","0.361250889870604"
"TUN","4.7099729138049","3.79627166202512","1.32255714828946","4.70239953285241","6.23579072222647","3.4865455430439","5.24409983246916","6.70952097453554","4.23778147502819","3.04345012371552","2.97113275066512","-2.04663389535644","4.21667711535632","2.42993096446429","3.09032803070775","0.967703153193497","1.11742585932831","2.23783869165773","2.62493009339495","1.5878467320356"
"TUR","6.93323970455904","-5.75000655464257","6.44772204681594","5.76320606654714","9.79593638920282","8.99230493626517","6.94798808571993","5.04350793157104","0.815024573007705","-4.82315395301769","8.42710432276191","11.2001105833504","4.78849271108008","8.48581699653026","4.9397151613658","6.08448690443663","3.32308420845746","7.50199748917491","3.01317990846508","0.81852593620826"
"TKM","5.46906413252854","4.34384571432727","0.257179925006284","3.26882855955344","5.00040743766748","13.034034870022","10.9733083254017","11.05929947045","14.7","6.10000011485643","9.19999998805483","14.6999999278723","11.0999999615545","10.200000101399","10.2999999705459","6.49999990951666","6.1999999664301","6.50000004682975","6.19999994137119","6.30000004226711"
"TCA","..","..","..","..","..","..","..","..","..","..","..","..","-0.97229935533214","1.07087701348118","8.71129658152685","11.3148341336331","7.25118054973062","-2.49021899245794","5.61095637443547","5.32455148316902"
"TUV","-0.970489205783323","0","9.52380952380953","-4.34782608695652","-2.27272727272727","-4.65116279069767","2.4390243902439","7.14285714285714","6.66666666666667","-6.25","-2.22222222222223","6.81818181818181","-2.12765957446808","4.34782608695652","0","10.4166666666667","5.66037735849056","2.44839285714286","1.38728384151602","13.8220984406966"
"UGA","3.141907338187","5.18366112490236","8.73268576440127","6.47325867166543","6.80723334361883","6.33256511623156","10.7847443857453","8.41242596551071","8.70875190154499","6.80151734860395","5.63761163749757","9.3916554927176","3.83745560605229","3.58690582623025","5.10630732539796","5.18785986002466","4.78100029254482","3.13140551723596","6.30392378262997","6.43874503276439"
"UKR","5.90000000024899","8.80000000367222","5.33964720719075","9.51660986436364","11.7953525281136","3.07123039245209","7.57142076322967","8.21584445165715","2.24349159628288","-15.1364679101502","4.09200436668087","5.44528081048476","0.152314967200653","0.045439094492707","-10.0788949840953","-9.7729872128676","2.44098194492067","2.35997228099491","3.48836234022659","3.19950386354134"
"ARE","10.8527042125985","1.39908503032635","2.43345681036158","8.80054081486436","9.56643663716162","4.85514119630901","9.83731977348512","3.18439017367184","3.19183627610396","-5.24292190667536","1.60285004831225","6.21612181337187","1.82448078870188","5.05555965425988","4.16569184256178","6.78677287945216","5.56149075496799","0.735068713165646","1.31391388141118","1.10834813893099"
"GBR","4.31872705812104","2.5787410460365","1.79198561607272","3.14657252830963","2.42649654912002","2.73884240379734","2.38627536792974","2.62033122218656","-0.225726974764584","-4.61495740242552","2.23868863381415","1.14510154098662","1.51293674929991","1.79232221590813","3.19578246561922","2.2202583222271","1.9210634135702","2.65506966811928","1.40379208588568","1.64161099628876"
"USA","4.07715947941618","0.954338728708379","1.69594292274957","2.7962091006717","3.85255260064351","3.48322032025258","2.78281062584327","2.01050755163328","0.122188442974647","-2.59988835108558","2.70885669419681","1.54989495017045","2.28068760319185","1.84187539518688","2.28777593255359","2.70636958176399","1.66747207596187","2.24192121597748","2.9453848312678","2.29443907769311"
"URY","-1.92993063549235","-3.84412995940374","-7.73200721540044","0.805283915893824","5.00416035564457","7.4601321302473","4.09857735445401","6.54151084504817","7.17614466455107","4.24349419462426","7.8034096507169","5.16213302463606","3.53817872056869","4.63753862902416","3.23879122952364","0.370741257681345","1.68979815933486","1.74037649262446","0.156000001137912","0.744431644977666"
"UZB","3.83500000014033","4.1638382499889","3.97348819235724","4.23262738154364","7.44900060559664","6.95000719569097","7.45141847621768","9.4730053054454","9.02916101784777","8.05093332733964","7.5971679610016","7.52513989422977","7.10244488753446","7.29655036878682","6.87383844617584","7.21877350346286","5.9321508024275","4.39527463456371","5.87974286685132","5.98156194197317"
"VUT","5.92480905652914","-3.39758248938256","-5.19831875936035","4.28833511695458","3.98739280216962","5.30532647259227","8.46069747205426","2.8758922877538","5.60099182147214","3.03730354099602","1.25886720329326","3.13980290023412","1.01004768692042","0.463390415135095","3.13686729438693","0.366522075389213","4.68875636558563","6.31730538443077","2.90023027256446","3.24118765540442"
"VEN","3.68694416687683","3.3942361077907","-8.85564735286779","-7.75530004959883","18.2866066891245","10.3179138043148","9.87214910851037","8.7535788078585","5.27785412398782","-3.20230265749002","-1.48879125078348","4.17642535923927","5.62595697508641","1.34309403607476","-3.89438647450662","..","..","..","..",".."
"VNM","6.78731640463151","6.19289331233377","6.32082099160833","6.89906349055258","7.53641060890386","7.54724772895918","6.97795481056711","7.12950448605439","5.66177120891362","5.39789754014181","6.42324482239482","6.41316889681683","5.5045447041189","5.55351081026072","6.42224312118567","6.98715430598611","6.69000892660424","6.94019037359206","7.46500685572751","7.35926270105006"
"VIR","..","..","..","-0.396080883885759","3.28589367936377","3.4853090172239","3.50499314666143","4.01059402194477","1.21862495452891","-6.59478885893981","0.596383224317051","-8.20424555364315","-14.8125","-6.28515529469308","-1.77453027139875","-0.425079702444208","1.6008537886873","-0.735294117647058","1.9047619047619","2.93354101765317"
"PSE","-8.55618329065622","-9.31063816755331","-12.4891917608064","14.0158654945752","21.9252394933447","11.2906511829271","-0.996556103477076","3.78828152085981","7.42918225547835","8.59349087893864","5.77736205629419","9.60080848913594","6.09645656326154","4.69856986552234","-0.157866650855297","3.72129967114788","8.86461881995935","1.41936756294787","1.22707737782703","1.36268746558062"
"YEM","6.1819155928913","3.80364587188127","3.9352315052778","3.74739818489111","3.972696401183","5.59174807563268","3.17040935922364","3.33842795605096","3.64756947012633","3.86622951587742","7.70230703961865","-12.7148968954117","2.3929902093532","4.82351906650533","-0.188690232450909","-27.9945462536875","-9.37512381761694","-5.07179563883867","0.752447587579127",".."
"ZMB","3.89732294341896","5.31686827418419","4.50601428032604","6.94497398221223","7.03239511515218","7.23559900655543","7.90369444480079","8.35243624447406","7.77389581542363","9.2203484058663","10.2982233241213","5.56460233670752","7.59759321053191","5.05723173979734","4.69799236252986","2.92037511217961","3.77667914626731","3.50433609558682","4.03449389667165","1.44130602603785"
"ZWE","-3.05918974918634","1.43961539576736","-8.89402363141309","-16.9950747276622","-5.80753802273949","-5.71108370650353","-3.46149518781378","-3.65332683535506","-17.6689463301054","12.0195599748423","21.4520609184971","14.6202072551987","15.7448770803376","3.1967308868621","1.48454262162193","2.02364999592871","0.900955396308504","4.08026390333053","5.00986678330221","-6.33244642559313"